Missing Description,Matched Model,Score,Generic Group,Generic SubType
Abbott Freestyle Optium H Glucometer,Abbott FreeStyle Optium Neo H Glucometer,92.10526315789474,ANALYSER,GLUCOSE
Braun Thermoscan 6021 Thermometer,Braun  Thermoscan 6020 Thermometer,96.96969696969697,THERMOMTR,ELECTRONIC
1st Call Mobility Bariatric Stack Chair,1st Call Mobility Bariatric Stack Chair,100.0,,
Tyco Genius 2 Tympanic Thermometer,Genius 3 Tympanic Thermometer,88.88888888888889,THERMOMTR,ELECTRONIC
Abbott Optium Glucose Analyser,Abbott Glucose Analyser,86.79245283018868,ANALYSER,GLUCOSE
SafePressure Bed Pad,SafePresence 70910FT Bed Pad,70.83333333333333,FALLS,PADS
 SafePresence Pressure Bed Pad,SafePresence 70910FT Bed Pad,70.17543859649122,FALLS,PADS
SafePressure Chair Pad,SafePresence 70960T Chair Pad,74.50980392156863,FALLS,PADS
Smith & Nephew Dyonics PowerMax Elite,Smith & Nephew Dyonics PowerMax Elite,100.0,DRILL,SURGICAL
Abbott Flexiflo 2 Enteral Feeding Pump,Flexiflo Patrol Enteral Feeding Pump,78.37837837837837,INFUSION,FEEDER
Weymed 524 Patient Scales,Weylux 524J/BMI Patient Scales,80.0,SCALES,PATIENT
Philips V60 Plus Ventilator,Philips Bipap A40 Ventilator,65.45454545454545,VENTILATOR,
Welch Allyn 672 SureTemp PlusThermometer,Welch Allyn 672 SureTemp PlusThermometer,100.0,,
Airsep VisionAire 5 Oxygen Concentrator,Airsep Newair Oxygen Concentrator,72.22222222222221,OXYGEN,CONCENTRATOR
Philips V60 Ventilator,Philips Bipap A40 Ventilator,72.0,VENTILATOR,
 SafePresence Bed Pad,SafePresence 70910FT Bed Pad,83.33333333333334,FALLS,PADS
SafePresence Bed Pad,SafePresence 70910FT Bed Pad,83.33333333333334,FALLS,PADS
Wellcare Tinnitus Relaxer,Drift Transit Wheelchair Black,54.54545454545454,WHEELCHAIR,MANUAL
3M Bair Hugger Patient Warmer,3M Bair Hugger 750 Patient Warmer,93.5483870967742,WARMING/COOLING,
ArjoHuntleigh C880L/R/2P Bed,ArjoHuntleigh C880PB47 Bed,85.18518518518519,BED,ELECTRICAL
Sonosite HFL38x/13-6Mhz Ultrasound Probe,Sonosite HFL38X/13-6  Ultrasound Probe,93.5064935064935,ULTRASOUND,PROBE
Turun Safe Presence 70910T Bed Pad,SafePresence 70910FT Bed Pad,74.19354838709677,FALLS,PADS
Toshiba PVT-375BT 1.5-6mhz Convex Probe,Siemens CH5-2 Convex Probe,52.3076923076923,ULTRASOUND,PROBE
Agilent M3150A Information Centre,Philips M3150B Information Centre,72.72727272727273,PHYSIOLOGICAL,CENTRAL STATION
Welch Allyn 678 SureTemp Thermometer,Welch Allyn 692 SureTemp Plus Thermometer,88.31168831168831,THERMOMTR,ELECTRONIC
Ohmeda CO2 Absorber MK 4,Ohmeda CO2 Absorber MK 4,100.0,,
Accoson Dial Gauge Sphygmomanometer,Boso Dial Gauge Sphygmomanometer,92.53731343283582,SPHYGMO,DIAL GAUGE
Seca 761 Stand on Dial Scales,Seca 875 Stand on Scales,83.01886792452831,SCALES,PATIENT
Stryker 325 Leg Exerciser,Stryker 325 Leg Exerciser,100.0,,
Omron M6 Comfort(HEM-7360-E)NIBP Monitor,Omron M6 Comfort(HEM-7360-E)NIBP Monitor,100.0,,
Imed 960 Infusion Pump,Graseby 3M 500 Infusion Pump,68.0,INFUSION,PUMP
Therapy Equipment 5032 O2 DialreBull/Sch,Therapy Equipment Dial Reg,69.6969696969697,REGULATOR,BOTTLE
Manley MP3 Ventilator,Ohmeda Manley MPP Ventilator,81.63265306122449,VENTILATOR,
Goldman Tonometer,Goldman Tonometer,100.0,,
"1st Call Mobility 30"" Rise & Recline Chair","1st Call Mobility 30"" Rise & Recline Chair",100.0,,
Siemens Acuson 5C1 Probe,Siemens Acuson 5C1 Probe,100.0,ULTRASOUND,DIAGNOSTIC
Alaris Gemini PC-1 Infusion Pump,Alaris VP Plus Infusion Pump,73.33333333333334,INFUSION,PUMP
Ivac 580 Infusion Pump,Graseby 3M 500 Infusion Pump,64.0,INFUSION,PUMP
Reynolds Tracker 24hr ECG Recorder,Reynolds Tracker 24hr ECG Recorder,100.0,,
Toshiba PLT-1204BT 7-18MHz Linear Probe,Siemens P10-4 4-10MHz Linear Probe,68.49315068493152,ULTRASOUND,PROBE
Civco c-qual Carbon Fibre Breast Board,Civco c-qual Carbon Fibre Breast Board,100.0,,
Imed 960A Infusion Pump,Graseby 3M 500 Infusion Pump,66.66666666666667,INFUSION,PUMP
HP M1770 Pagewriter 200I,HP M1770 Pagewriter 200I,100.0,,
Olympus UCR insuflator,Olympus Uteroflator,73.17073170731707,INSUFFLATR,CO2
Topcon 3D OCT.2000 Tomography,Topcon OCT 2000 Retinal Camera,50.847457627118644,CAMERA,OPHTHALMIC
Datascope Passport Physiological Monitor,Datascope Passport Physiological Monitor,100.0,PHYSIOLOGICAL,VITAL SIGN
Welch Allyn 22821 Otoscope,Welch Allyn 728XX Otoscope,88.46153846153845,OPHTHALMO,SCOPE
Welch Allyn 692 SureTemp PlusThermometer,Welch Allyn 672 SureTemp PlusThermometer,97.5,,
ABBOTT PROVIDER 5500,CRITIKON RATEMINDER 90,42.85714285714286,,
Select Locomotor Rota-Solo Rota stand,Rota Stand ETAC Molift Raiser,48.484848484848484,HOIST,STAND AID
Select Medical Contour Patient Trolley,Seers Medical PTX1403 Patient Trolley,72.0,PATIENT TROLLEY,
Valleylab RP2 Diathermy Foot Pedal Set,Valleylab Force 2 Diathermy,70.76923076923076,DIATHERMY,SURGICAL
Seca 707 Patient Scales,Seca 704 Patient Scales,95.65217391304348,SCALES,PATIENT
Pari Boy Type 085 Nebuliser Compressor,Pari Boy Type 085 Nebuliser Compressor,100.0,NEBULISER,COMPRESSOR
Moxa NPort 5610-16 Serial Devics Server,Moxa NPort 5610-10 16 RS232 to LAN Terminal Server,60.67415730337078,NETWORK,HUB/SWITCH
RA Lamb Hotplate E18,RA Lamb Hotplate E18,100.0,,
ArjoHuntleigh 25000 EL Bed,ArjoHuntleigh Enterprise 5000 Bed,81.35593220338984,BED,ELECTRICAL
WHEEL CHAIR,WEALDON REHAB CHAIR,60.0,CHAIR,TREATMENT
Downs Cautery and Light,Downs Cautery and Light,100.0,,
RTest Evolution ECG Event Recorder,Novacor RTest Evolution ECG Event Recorder,89.47368421052632,E.C.G.,RECORDER
Arizant Bair Hugger 505 Patient Warmer,3M Bair Hugger 750 Patient Warmer,81.69014084507043,WARMING/COOLING,
Vickers 83 Radiant Infant Warmer,3M Ranger 247 Irrigation Warmer,57.14285714285714,BLOOD,WARMER
Eschmann VP 12-S Suction Unit,Eschmann VP 45 Suction Unit,89.28571428571429,SUCTION,MEDICAL
Welch Allyn Suretemp Thermometer,Welch Allyn 692 SureTemp Plus Thermometer,84.93150684931507,THERMOMTR,ELECTRONIC
Toshiba Aplio 500 Ultrasound Machine,Canon Aplio 1700 Ultrasound,73.01587301587303,ULTRASOUND,DIAGNOSTIC
Sonosite L25x/13-6Mhz Ultrasound Probe,Sonosite HFL38X/13-6  Ultrasound Probe,85.33333333333333,ULTRASOUND,PROBE
Toshiba PLT-1005BT 5-14MHz Linear Probe,Siemens P10-4 4-10MHz Linear Probe,65.75342465753424,ULTRASOUND,PROBE
Anthos 8001 Plate Reader,Anthos 8001 Plate Reader,100.0,,
Luckham Heated Water Bath WB150,Luckham Heated Water Bath WB150,100.0,,
Jencons Powerpette,Jencons Powerpette,100.0,,
S&N Dyonics Laparoscopic Insufflator,S&N Dyonics Laparoscopic Insufflator,100.0,,
Olympus HYF-XP Hysteroscope,Olympus CYF-5 Cystoscope,82.35294117647058,,
Fisher & Paykel MR850 Humidifier,Fisher & Paykel MR850 Humidifier,100.0,HUMIDIFIER,
Ivac 565 Neomate Infusion Pump,Braun Infusomat Space Infusion Pump,61.53846153846154,INFUSION,PUMP
Zeiss IOL Master,Zeiss IOL Master 700,88.88888888888889,CAMERA,OPHTHALMIC
Seca Height Gauge,Seca 207 Height Scale,63.1578947368421,SCALES,PATIENT
Hologic HB 100-EU Localizer Radiation Monitor,Mini Monitor 900 Radiation Monitor,65.82278481012658,RADIATION,METER
Welch Allyn 675 SureTemp Thermometer,Welch Allyn 692 SureTemp Plus Thermometer,88.31168831168831,THERMOMTR,ELECTRONIC
Viridia CMS Physiological Monitor,Propaq 102 Physiological Monitor,76.92307692307692,,
Volker MiS Activ System,Amtec Venometer DVT System,61.224489795918366,MEDICAL,MINOR
Accoson Duplex 0322A Sphygmomanometer,Accoson Duplex AC0322A Sphygmomanometer,97.36842105263158,SPHYGMO,DIAL GAUGE
Toshiba PVT-661VT Transvaginal Probe,GE IC5-9-D Transvaginal Probe,61.53846153846154,ULTRASOUND,PROBE
Toshiba PVT-674BT 3-9MHz Convex Probe,GE RAB6-D 4D 2-8MHz Convex Probe,55.072463768115945,ULTRASOUND,PROBE
Toshiba PLT-705BT Cardiac Sector Probe,GE M4S-RS Sector Cardiac Probe,64.70588235294117,ULTRASOUND,PROBE
Toshiba PVT-781VT Endocavity Transducer,Sonosite P5-1 Transducer,57.14285714285714,ULTRASOUND,PROBE
Vitalograph 3 Litre Syringe,Vitalograph 1 Litre Syringe,96.2962962962963,TEST EQUIP,SIMULATOR
Vickers 165 Resuscitaire,Air Shields RW82-1C Resuscitaire,64.28571428571428,RESUSCITAR,INFANT
Biomerieux Vitek 2 Densichek,Biomerieux Vitek Densichek,96.2962962962963,LABORATORY,DENSITOMTR
Swan AWR-SW112 Refridgerator,Swan AWR-SW135 Refridgerator,92.85714285714286,REFRIGERATOR,
Eschmann Model MR Operating Table,Eschmann T-20 Operating Table,77.41935483870968,OPERATING,TABLE
1st call Bariatric Hire Bed.,Joerns Bariatric 10A Bed,65.38461538461539,,
1st Call Mobility Standard riser Chair.,"1st Call Mobility 33"" Rise & Recline Chair.",73.17073170731707,CHAIR,BARIATRIC STACK
S&W DMS 600/3 Defibrillator,HP 43120A Defibrillator,64.0,,
Olympus TJF-240 Duodenoscope,Olympus TJF-260V Duodenoscope,94.73684210526316,ENDOSCOPE,FLEXIBLE
Olympus GIF-H260 Lucera Vid Gastroscope,Olympus GIF-H290 Gastroscope,80.59701492537313,ENDOSCOPE,FLEXIBLE
Olympus CF-Q260DL  Video Colonoscope,Olympus CF-Q260DL Video Colonoscope,100.0,ENDOSCOPE,FLEXIBLE
Welch Allyn 49024 Headlight,Welch Allyn 79150 Head Light,83.63636363636364,LIGHT,SOURCE
SCD Response,Kendall 7326 SCD Response,64.86486486486487,,
Alaris Asena PK Syringe Driver,SDA-1 Syringe Driver Analyser,67.79661016949152,TEST EQUIP,METER
Olympus Heat Probe Unit,Olympus Heat Probe Unit,100.0,,
